Year,Local Government Area,A Crimes against the person,B Property and deception offences,C Drug offences,D Public order and security offences,E Justice procedures offences,F Other offences
2019,Alpine,114,161,26.0,48,50,
2019,Ararat,223,376,65.0,81,165,2.0
2019,Ballarat,1372,5061,204.0,372,1105,15.0
2019,Banyule,957,4063,223.0,309,1442,11.0
2019,Bass Coast,376,992,78.0,119,216,2.0
2019,Baw Baw,618,1761,165.0,182,446,8.0
2019,Bayside,452,2508,129.0,180,331,6.0
2019,Benalla,192,433,50.0,57,141,5.0
2019,Boroondara,558,4292,177.0,137,396,11.0
2019,Brimbank,2441,8761,562.0,686,2196,15.0
2019,Buloke,40,109,32.0,12,19,2.0
2019,Campaspe,456,1643,109.0,141,568,3.0
2019,Cardinia,841,2788,178.0,246,632,12.0
2019,Casey,3231,9775,781.0,655,1766,9.0
2019,Central Goldfields,233,354,70.0,63,192,5.0
2019,Colac-Otway,323,652,52.0,95,196,2.0
2019,Corangamite,106,256,23.0,31,71,
2019,Darebin,1387,8093,275.0,461,1019,9.0
2019,East Gippsland,865,1272,159.0,281,603,13.0
2019,Frankston,1770,6026,496.0,779,2079,7.0
2019,Gannawarra,120,287,20.0,55,98,1.0
2019,Glen Eira,626,3463,166.0,275,352,10.0
2019,Glenelg,180,440,90.0,74,171,2.0
2019,Golden Plains,94,350,21.0,8,37,1.0
2019,Greater Bendigo,1391,4346,262.0,603,1477,12.0
2019,Greater Dandenong,2323,8167,735.0,1083,1866,21.0
2019,Greater Geelong,2603,9762,517.0,982,1875,38.0
2019,Greater Shepparton,1084,3254,318.0,505,1054,13.0
2019,Hepburn,117,406,17.0,14,64,2.0
2019,Hindmarsh,68,100,24.0,26,30,1.0
2019,Hobsons Bay,833,2864,220.0,344,563,25.0
2019,Horsham,365,547,101.0,130,288,5.0
2019,Hume,2618,9240,725.0,676,2303,29.0
2019,Indigo,79,202,15.0,27,46,2.0
2019,Kingston,1178,5528,314.0,488,1070,30.0
2019,Knox,1208,4957,540.0,429,947,9.0
2019,Latrobe,2064,4973,319.0,688,1884,14.0
2019,Loddon,71,218,12.0,19,66,
2019,Macedon Ranges,276,1108,50.0,76,266,6.0
2019,Manningham,508,2405,133.0,103,255,6.0
2019,Mansfield,62,156,9.0,45,44,6.0
2019,Maribyrnong,888,4605,200.0,388,579,10.0
2019,Maroondah,863,3345,229.0,410,1179,8.0
2019,Melbourne,3807,14656,1535.0,3650,2857,82.0
2019,Melton,1528,5188,259.0,330,1013,12.0
2019,Mildura,1122,2599,298.0,506,949,18.0
2019,Mitchell,688,1478,155.0,216,491,6.0
2019,Moira,304,1011,56.0,76,233,3.0
2019,Monash,1138,5616,289.0,311,666,10.0
2019,Moonee Valley,851,4419,222.0,398,584,12.0
2019,Moorabool,297,988,51.0,54,241,2.0
2019,Moreland,1632,7911,313.0,461,1062,28.0
2019,Mornington Peninsula,1203,4721,362.0,689,1159,27.0
2019,Mount Alexander,142,382,38.0,59,128,3.0
2019,Moyne,136,213,20.0,29,59,1.0
2019,Murrindindi,151,280,58.0,41,59,5.0
2019,Nillumbik,255,1065,70.0,63,167,3.0
2019,Northern Grampians,208,313,66.0,46,128,2.0
2019,Port Phillip,1359,6406,416.0,654,788,27.0
2019,Pyrenees,89,216,69.0,10,32,2.0
2019,Queenscliffe,20,80,,7,11,
2019,South Gippsland,221,465,42.0,46,217,4.0
2019,Southern Grampians,221,382,125.0,110,261,9.0
2019,Stonnington,972,5742,350.0,583,515,8.0
2019,Strathbogie,129,239,14.0,13,50,3.0
2019,Surf Coast,179,532,30.0,60,93,5.0
2019,Swan Hill,379,846,75.0,158,399,11.0
2019,Towong,37,97,5.0,12,14,8.0
2019,Wangaratta,358,708,155.0,166,246,5.0
2019,Warrnambool,615,1417,205.0,232,533,6.0
2019,Wellington,673,1380,104.0,252,501,11.0
2019,West Wimmera,33,57,16.0,7,12,
2019,Whitehorse,926,4453,178.0,240,559,6.0
2019,Whittlesea,2175,7522,406.0,389,1403,17.0
2019,Wodonga,451,1249,145.0,190,381,5.0
2019,Wyndham,2019,6929,401.0,515,1578,21.0
2019,Yarra,1226,8109,367.0,739,727,15.0
2019,Yarra Ranges,974,3431,246.0,275,825,16.0
2019,Yarriambiack,101,152,5.0,19,41,2.0
2020,Alpine,92,220,24.0,47,52,4.0
2020,Ararat,206,386,52.0,62,186,3.0
2020,Ballarat,1131,5837,202.0,319,1212,10.0
2020,Banyule,939,4220,311.0,281,1501,11.0
2020,Bass Coast,383,944,83.0,76,288,11.0
2020,Baw Baw,575,2092,237.0,193,476,15.0
2020,Bayside,399,3191,106.0,124,371,4.0
2020,Benalla,200,446,44.0,63,176,7.0
2020,Boroondara,612,5272,130.0,155,345,7.0
2020,Brimbank,2598,9500,569.0,634,2159,20.0
2020,Buloke,45,148,35.0,10,17,
2020,Campaspe,451,1501,69.0,102,669,6.0
2020,Cardinia,919,3319,245.0,254,702,11.0
2020,Casey,3189,10615,846.0,589,1896,10.0
2020,Central Goldfields,207,370,37.0,39,206,7.0
2020,Colac-Otway,230,696,70.0,87,194,3.0
2020,Corangamite,131,284,23.0,31,76,4.0
2020,Darebin,1419,8752,330.0,380,1003,11.0
2020,East Gippsland,866,1749,148.0,237,631,7.0
2020,Frankston,1713,6171,457.0,706,2043,6.0
2020,Gannawarra,123,268,29.0,40,146,3.0
2020,Glen Eira,744,4471,197.0,252,433,7.0
2020,Glenelg,235,509,105.0,91,221,4.0
2020,Golden Plains,87,319,6.0,21,37,2.0
2020,Greater Bendigo,1377,4718,219.0,441,1549,19.0
2020,Greater Dandenong,2422,8627,750.0,916,1992,18.0
2020,Greater Geelong,2826,10568,619.0,925,2036,26.0
2020,Greater Shepparton,1074,3419,230.0,341,1311,7.0
2020,Hepburn,137,483,15.0,17,80,5.0
2020,Hindmarsh,73,122,16.0,7,29,
2020,Hobsons Bay,738,3176,239.0,209,528,16.0
2020,Horsham,325,522,99.0,97,310,2.0
2020,Hume,2887,9203,676.0,608,2496,24.0
2020,Indigo,80,271,13.0,18,43,5.0
2020,Kingston,1228,5904,296.0,388,1201,17.0
2020,Knox,1251,5872,496.0,348,899,7.0
2020,Latrobe,1954,5248,349.0,614,1895,15.0
2020,Loddon,78,193,11.0,11,71,3.0
2020,Macedon Ranges,297,976,77.0,79,289,6.0
2020,Manningham,507,2700,113.0,114,304,3.0
2020,Mansfield,93,134,14.0,33,60,4.0
2020,Maribyrnong,964,5176,260.0,317,582,5.0
2020,Maroondah,966,3359,217.0,328,1038,11.0
2020,Melbourne,3987,15817,1431.0,2823,2783,60.0
2020,Melton,1794,5818,289.0,335,1074,11.0
2020,Mildura,1112,2661,280.0,459,1025,7.0
2020,Mitchell,723,1531,151.0,169,535,11.0
2020,Moira,320,1048,82.0,94,286,5.0
2020,Monash,1267,7002,316.0,308,677,7.0
2020,Moonee Valley,878,4606,312.0,260,656,7.0
2020,Moorabool,269,1020,64.0,69,214,5.0
2020,Moreland,1575,7769,347.0,405,988,17.0
2020,Mornington Peninsula,1166,5305,439.0,548,1141,21.0
2020,Mount Alexander,127,521,37.0,47,159,3.0
2020,Moyne,134,247,21.0,42,61,2.0
2020,Murrindindi,136,325,39.0,31,65,3.0
2020,Nillumbik,280,1057,75.0,50,225,4.0
2020,Northern Grampians,182,342,51.0,47,113,
2020,Port Phillip,1290,6882,409.0,503,847,25.0
2020,Pyrenees,75,191,7.0,23,50,4.0
2020,Queenscliffe,9,83,1.0,2,3,3.0
2020,South Gippsland,273,716,33.0,47,286,5.0
2020,Southern Grampians,172,427,71.0,56,161,1.0
2020,Stonnington,1061,7052,299.0,435,602,13.0
2020,Strathbogie,83,291,15.0,16,59,11.0
2020,Surf Coast,198,667,28.0,43,103,4.0
2020,Swan Hill,360,779,99.0,141,387,4.0
2020,Towong,33,82,4.0,19,16,1.0
2020,Wangaratta,355,789,125.0,141,332,6.0
2020,Warrnambool,501,1131,168.0,204,462,2.0
2020,Wellington,838,1553,99.0,182,700,13.0
2020,West Wimmera,39,70,12.0,6,16,
2020,Whitehorse,939,5445,180.0,190,588,11.0
2020,Whittlesea,2254,7712,467.0,362,1428,25.0
2020,Wodonga,478,1583,122.0,173,472,1.0
2020,Wyndham,2259,8910,476.0,514,1704,9.0
2020,Yarra,1474,8008,499.0,645,785,17.0
2020,Yarra Ranges,1065,3774,269.0,277,792,10.0
2020,Yarriambiack,100,141,11.0,23,41,2.0
2021,Alpine,103,138,21.0,37,62,39.0
2021,Ararat,218,393,85.0,86,230,75.0
2021,Ballarat,1213,3884,180.0,289,1277,345.0
2021,Banyule,945,3174,328.0,249,1141,449.0
2021,Bass Coast,557,897,72.0,91,406,74.0
2021,Baw Baw,663,1470,215.0,220,702,314.0
2021,Bayside,498,2337,133.0,135,430,293.0
2021,Benalla,212,423,49.0,73,208,30.0
2021,Boroondara,647,4207,138.0,145,493,324.0
2021,Brimbank,2164,7568,618.0,573,1941,1649.0
2021,Buloke,52,91,34.0,6,36,25.0
2021,Campaspe,369,1070,107.0,112,623,175.0
2021,Cardinia,913,2576,223.0,214,866,771.0
2021,Casey,3239,7672,975.0,599,2140,1512.0
2021,Central Goldfields,201,295,52.0,61,176,36.0
2021,Colac-Otway,267,428,65.0,104,210,153.0
2021,Corangamite,134,275,22.0,30,105,116.0
2021,Darebin,1472,6362,644.0,519,1421,1057.0
2021,East Gippsland,909,1382,233.0,238,684,182.0
2021,Frankston,1690,4217,538.0,629,1766,1367.0
2021,Gannawarra,130,227,43.0,50,112,77.0
2021,Glen Eira,720,3859,185.0,180,551,526.0
2021,Glenelg,262,373,77.0,76,193,68.0
2021,Golden Plains,94,257,14.0,9,62,13.0
2021,Greater Bendigo,1417,3815,296.0,488,1680,304.0
2021,Greater Dandenong,2280,6667,722.0,717,1828,2007.0
2021,Greater Geelong,2829,7979,655.0,895,2366,787.0
2021,Greater Shepparton,1107,2622,238.0,328,1392,250.0
2021,Hepburn,96,280,9.0,23,54,45.0
2021,Hindmarsh,74,133,10.0,12,45,13.0
2021,Hobsons Bay,697,2395,199.0,156,486,528.0
2021,Horsham,374,451,75.0,87,387,98.0
2021,Hume,2910,6804,772.0,607,2313,2073.0
2021,Indigo,80,211,22.0,30,59,25.0
2021,Kingston,1132,4462,305.0,317,1125,699.0
2021,Knox,1191,4547,621.0,377,1011,536.0
2021,Latrobe,1877,3667,550.0,700,1935,358.0
2021,Loddon,84,181,14.0,17,85,31.0
2021,Macedon Ranges,340,750,130.0,91,285,258.0
2021,Manningham,514,2126,127.0,99,303,202.0
2021,Mansfield,65,146,19.0,38,59,61.0
2021,Maribyrnong,840,4397,244.0,316,606,645.0
2021,Maroondah,932,2867,288.0,343,977,302.0
2021,Melbourne,3467,11549,1427.0,1882,2535,5097.0
2021,Melton,1962,4960,377.0,362,1343,879.0
2021,Mildura,931,1751,384.0,332,852,154.0
2021,Mitchell,786,1158,206.0,147,634,232.0
2021,Moira,250,765,85.0,85,313,132.0
2021,Monash,1279,5696,403.0,363,997,834.0
2021,Moonee Valley,820,3499,251.0,213,655,669.0
2021,Moorabool,296,900,77.0,108,243,366.0
2021,Moreland,1375,6151,358.0,352,1115,798.0
2021,Mornington Peninsula,1233,3261,417.0,448,1238,1020.0
2021,Mount Alexander,114,322,49.0,38,162,43.0
2021,Moyne,139,196,13.0,38,89,34.0
2021,Murrindindi,150,274,38.0,31,81,90.0
2021,Nillumbik,283,767,65.0,77,232,99.0
2021,Northern Grampians,212,296,80.0,55,166,86.0
2021,Port Phillip,1432,5766,393.0,455,965,1163.0
2021,Pyrenees,79,171,14.0,17,32,32.0
2021,Queenscliffe,12,56,1.0,1,4,7.0
2021,South Gippsland,347,514,41.0,44,249,69.0
2021,Southern Grampians,183,260,68.0,44,161,75.0
2021,Stonnington,1037,5353,389.0,422,733,1010.0
2021,Strathbogie,102,202,15.0,17,87,30.0
2021,Surf Coast,186,672,30.0,66,130,80.0
2021,Swan Hill,452,576,129.0,119,392,190.0
2021,Towong,38,74,13.0,6,20,2.0
2021,Wangaratta,401,555,123.0,135,331,114.0
2021,Warrnambool,500,847,143.0,147,448,116.0
2021,Wellington,800,1175,149.0,183,781,129.0
2021,West Wimmera,35,49,7.0,4,16,12.0
2021,Whitehorse,933,4297,242.0,228,693,555.0
2021,Whittlesea,2296,5480,648.0,423,1620,986.0
2021,Wodonga,434,1046,143.0,157,374,263.0
2021,Wyndham,2359,6632,410.0,397,1545,1363.0
2021,Yarra,1337,6290,429.0,600,895,1275.0
2021,Yarra Ranges,1036,2904,302.0,276,870,724.0
2021,Yarriambiack,79,145,7.0,15,52,35.0
2022,Alpine,86,149,16.0,33,61,25.0
2022,Ararat,226,343,74.0,80,224,13.0
2022,Ballarat,1166,4626,157.0,280,1238,127.0
2022,Banyule,899,2698,216.0,204,1181,46.0
2022,Bass Coast,595,960,64.0,92,372,64.0
2022,Baw Baw,788,1218,166.0,209,596,60.0
2022,Bayside,484,2304,66.0,94,344,53.0
2022,Benalla,243,378,42.0,81,219,16.0
2022,Boroondara,707,3995,108.0,137,441,60.0
2022,Brimbank,2094,7274,479.0,540,1718,225.0
2022,Buloke,45,87,42.0,7,26,18.0
2022,Campaspe,458,1024,86.0,94,581,176.0
2022,Cardinia,1032,2450,143.0,216,621,156.0
2022,Casey,3146,7641,642.0,501,2013,211.0
2022,Central Goldfields,253,297,42.0,48,147,36.0
2022,Colac-Otway,257,452,57.0,78,220,150.0
2022,Corangamite,122,296,28.0,27,94,13.0
2022,Darebin,1347,5742,479.0,409,1119,179.0
2022,East Gippsland,842,1524,164.0,208,761,141.0
2022,Frankston,1589,3836,478.0,582,1681,153.0
2022,Gannawarra,118,249,24.0,44,87,43.0
2022,Glen Eira,712,3395,128.0,158,526,113.0
2022,Glenelg,260,410,57.0,74,308,95.0
2022,Golden Plains,80,256,11.0,13,56,3.0
2022,Greater Bendigo,1561,3589,209.0,444,1603,96.0
2022,Greater Dandenong,2166,6152,504.0,596,1623,328.0
2022,Greater Geelong,2869,8070,392.0,737,2254,247.0
2022,Greater Shepparton,1089,2649,215.0,280,1514,38.0
2022,Hepburn,83,264,4.0,23,56,6.0
2022,Hindmarsh,53,156,12.0,24,57,2.0
2022,Hobsons Bay,719,2869,116.0,197,522,177.0
2022,Horsham,408,586,68.0,102,411,33.0
2022,Hume,2630,6266,513.0,544,1887,356.0
2022,Indigo,109,240,15.0,26,55,20.0
2022,Kingston,1188,4052,218.0,267,999,99.0
2022,Knox,1171,3481,553.0,307,950,169.0
2022,Latrobe,1809,3137,417.0,576,1811,76.0
2022,Loddon,97,176,17.0,22,70,5.0
2022,Macedon Ranges,282,604,81.0,67,237,120.0
2022,Manningham,521,1759,137.0,103,283,64.0
2022,Mansfield,73,96,24.0,47,55,44.0
2022,Maribyrnong,880,5008,194.0,251,521,171.0
2022,Maroondah,1027,2387,247.0,245,1143,44.0
2022,Melbourne,3749,12936,1289.0,1815,2547,2700.0
2022,Melton,1987,5010,269.0,286,1093,160.0
2022,Mildura,985,2280,207.0,340,897,186.0
2022,Mitchell,687,910,82.0,112,486,74.0
2022,Moira,276,733,73.0,105,325,60.0
2022,Monash,1275,5442,306.0,254,890,142.0
2022,Moonee Valley,951,3788,201.0,246,655,178.0
2022,Moorabool,284,769,65.0,69,245,142.0
2022,Moreland,1459,6133,210.0,242,1007,122.0
2022,Mornington Peninsula,1181,3097,345.0,431,1063,302.0
2022,Mount Alexander,144,379,26.0,24,113,31.0
2022,Moyne,145,272,20.0,28,73,9.0
2022,Murrindindi,178,193,23.0,19,92,26.0
2022,Nillumbik,283,714,49.0,55,192,26.0
2022,Northern Grampians,196,245,93.0,66,176,31.0
2022,Port Phillip,1394,5908,318.0,420,843,274.0
2022,Pyrenees,46,176,6.0,7,54,14.0
2022,Queenscliffe,16,82,,8,1,11.0
2022,South Gippsland,348,500,26.0,28,277,16.0
2022,Southern Grampians,213,288,49.0,44,182,23.0
2022,Stonnington,1081,5359,255.0,410,563,152.0
2022,Strathbogie,109,183,14.0,14,117,10.0
2022,Surf Coast,235,599,25.0,43,113,34.0
2022,Swan Hill,378,595,77.0,144,407,96.0
2022,Towong,27,87,1.0,14,13,7.0
2022,Wangaratta,392,645,99.0,129,357,33.0
2022,Warrnambool,518,845,101.0,141,494,109.0
2022,Wellington,753,1275,90.0,144,627,74.0
2022,West Wimmera,40,57,3.0,7,20,24.0
2022,Whitehorse,972,3566,154.0,162,551,54.0
2022,Whittlesea,1934,4704,449.0,355,1365,131.0
2022,Wodonga,486,1325,113.0,124,439,195.0
2022,Wyndham,2663,6922,333.0,475,1463,238.0
2022,Yarra,1382,5578,355.0,381,811,283.0
2022,Yarra Ranges,1120,2480,218.0,213,764,191.0
2022,Yarriambiack,83,113,9.0,21,60,18.0
